name,category,subCategory,costPrice,sellingPrice,currentStock,lowStockThreshold
Earing Top (5/-),Cosmetics,Earings,,5,308,
Earing Top (10/-),Cosmetics,Earings,,10,428,
Earing Top ( 20/-),Cosmetics,Earings,,20,236,
Earing Jhumka ( 20/-),Cosmetics,Earings,,20,12,
Earing Tops (30/-),Cosmetics,Earings,,30,100,
Earing Jhumka ( 30/-),Cosmetics,Earings,,30,38,
Earing Jhumka (40/-),Cosmetics,Earings,,40,41,
Earing Jhumka (50/-),Cosmetics,Earings,,50,185,
Earing Jhumka (60/-),Cosmetics,Earings,,60,35,
Earing Jhumka (80/-),Cosmetics,Earings,,80,10,
Earing Jhumka (110/-),Cosmetics,Earings,,110,28,
Earing Jhumka (120/-),Cosmetics,Earings,,120,59,
Earing Jhumka (200/-),Cosmetics,Earings,,200,14,
Earing Ring (20/-),Cosmetics,Earings,,20,12,
Earing Ring (30/-),Cosmetics,Earings,,30,6,
Earing Ring (60/-),Cosmetics,Earings,,60,3,
Chain Earing(150/-),Cosmetics,Earings,,150,2,
Chain Earing(240/-),Cosmetics,Earings,,240,3,
City Gold Earing (30/-),Cosmetics,City Gold Earing,,30,12,
City Gold Earing (40/-),Cosmetics,City Gold Earing,,40,20,
City Gold Earing (60/-),Cosmetics,City Gold Earing,,60,5,
City Gold Earing (120/-),Cosmetics,City Gold Earing,,120,101,
City Gold Earing (150/-),Cosmetics,City Gold Earing,,150,83,
Multicolour Glass Bangle (2-8),Cosmetics,Glass Bangals,,100,24,
Multicolour Glass Bangle (4 Set),Cosmetics,Glass Bangals,,80,11,
Plain Slim Bangal (2-8),Cosmetics,Glass Bangals,,40,3,
Plain Slim Bangal (2-6),Cosmetics,Glass Bangals,,40,5,
Plain Slim Bangal (2-4),Cosmetics,Glass Bangals,,40,17,
Plain Slim Bangal (2-2),Cosmetics,Glass Bangals,,40,2,
Glitter Glass Bangle (2-4),Cosmetics,Glass Bangals,,70,7,
Glitter Glass Bangal (2-6),Cosmetics,Glass Bangals,,70,7,
Stone Multi Colour Glass Bangal (2-2),Cosmetics,Glass Bangals,,100,4,
Stone Multi Colour Glass Bangal (2-4),Cosmetics,Glass Bangals,,100,25,
Stone Multi Colour Glass Bangal (2-6),Cosmetics,Glass Bangals,,100,24,
Stone Multi Colour Glass Bangal (2-8),Cosmetics,Glass Bangals,,100,5,
Plastic Stone Bangal(2-8),Cosmetics,Glass Bangals,,100,1,
Bridal Set(100/-),Cosmetics,Glass Bangals,,100,6,
Bridal Set(120/-),Cosmetics,Glass Bangals,,120,3,
Bridal Set(250/-),Cosmetics,Glass Bangals,,250,14,
Lah Bangal(120/-),Cosmetics,Glass Bangals,,120,4,
Lah Bangal(150/-),Cosmetics,Glass Bangals,,150,4,
Lah Bangal(200/-),Cosmetics,Glass Bangals,,200,8,
Velvet Bengal Adult,Cosmetics,Glass Bangals,,,24,
Metal Bangal Adult,Cosmetics,Glass Bangals,,,12,
Velvet Bengal Baby,Cosmetics,Glass Bangals,,,9,
White Stone Baby Bangal,Cosmetics,Glass Bangals,,,8,
Golden Stone Baby Bangal,Cosmetics,Glass Bangals,,,8,
Metal Bangal Baby,Cosmetics,Glass Bangals,,,7,
Bala Adult(30/-),Cosmetics,Glass Bangals,,30,6,
Bala Adult(40/-),Cosmetics,Glass Bangals,,40,10,
Stone Fancy Multi Colour Bala,Cosmetics,Glass Bangals,,120,8,
Bala Baby(20/-),Cosmetics,Glass Bangals,,20,32,
Bala Baby(10/-),Cosmetics,Glass Bangals,,10,22,
(Green) Plain Kasmiri Glass Bangal,Cosmetics,Glass Bangals,,40,35,
(Light Yellow) Plain Kasmiri Bangal,Cosmetics,Glass Bangals,,40,6,
(Dark Yellow) Plain Kasmiri Bangal,Cosmetics,Glass Bangals,,40,6,
(Multi Colour)Plain Kasmiri Bangal,Cosmetics,Glass Bangals,,40,11,
Multi Colour Plastic Glass Kasmiri Bangal,Cosmetics,Glass Bangals,,80,3,
Green Plastic Glass Kashmiri Bangal,Cosmetics,Glass Bangals,,70,3,
Multicolour Plastic Kashmiri Bangle With Stone,Cosmetics,Glass Bangals,,80,24,
Green Plain Kashmiri Bangal,Cosmetics,Glass Bangals,,40,1,
Kashmiri Chudi With Ghungru,Cosmetics,Glass Bangals,,100,5,
White Stone Bangal,Cosmetics,Glass Bangals,,200,7,
Green Stone Bangal,Cosmetics,Glass Bangals,,120,3,
Kashmiri Multicolour Plastic Bangle 2-4,Cosmetics,Glass Bangals,,40,1,
Green Plastic Bala 4 Set (2-8),Cosmetics,Glass Bangals,,80,1,
Green Plastic Bala  (2-6)(50/-),Cosmetics,Glass Bangals,,50,1,
Green Plastic Bala  (2-8),Cosmetics,Glass Bangals,,50,1,
Green Plastic Bala  (2-6),Cosmetics,Glass Bangals,,50,1,
Green Plastic Bala  (2-2),Cosmetics,Glass Bangals,,50,1,
Green Glass Stone Bangle (2-6),Cosmetics,Glass Bangals,,120,2,
Green Glass Stone Bangle (2-4),Cosmetics,Glass Bangals,,120,1,
Green Glass Stone Bangle (2-8),Cosmetics,Glass Bangals,,120,1,
Golden Kashmiri Gungru Bangle Multicolour (2-8),Cosmetics,Glass Bangals,,150,12,
Plain Sakha(20/-),Cosmetics,Sakha Pola - Plain & City Gold,,20,126,
City Gold Sakha(150/-),Cosmetics,Sakha Pola - Plain & City Gold,,150,20,
City Gold Sakha(120/-),Cosmetics,Sakha Pola - Plain & City Gold,,120,2,
Plain Pola(20/-),Cosmetics,Sakha Pola - Plain & City Gold,,20,15,
City Gold Pola(150/-),Cosmetics,Sakha Pola - Plain & City Gold,,150,13,
City Gold Pola(120/-),Cosmetics,Sakha Pola - Plain & City Gold,,120,7,
City Gold Pola(180/-),Cosmetics,Sakha Pola - Plain & City Gold,,180,3,
City Gold Pola (4 Set)(150/-),Cosmetics,Sakha Pola - Plain & City Gold,,150,5,
City Gold Pola (4 Set)(130/-),Cosmetics,Sakha Pola - Plain & City Gold,,130,1,
Sonex City Gold Bangal (No - 194),Cosmetics,City Gold Bangal,,150,16,
Sonex City Gold Bangal (No - 187),Cosmetics,City Gold Bangal,,150,12,
Sonex City Gold Bangal (No -188),Cosmetics,City Gold Bangal,,150,10,
Sonex City Gold Bangal ( No - 198),Cosmetics,City Gold Bangal,,150,12,
Sumaiya City Gold Bangal,Cosmetics,City Gold Bangal,,150,12,
Ria City Gold,Cosmetics,City Gold Bangal,,140,4,
Devi City Gold Bangal,Cosmetics,City Gold Bangal,,200,12,
Shreeji City Gold Bangal,Cosmetics,City Gold Bangal,,200,9,
Omega City Gold Bangal,Cosmetics,City Gold Bangal,,150,5,
Cinerri City Gold Bangal ( No - 252),Cosmetics,City Gold Bangal,,150,1,
Plastic Pola Bangal,Cosmetics,City Gold Bangal,,50,29,
Plastic Pola Bangal (4 Set),Cosmetics,City Gold Bangal,,50,12,
City Gold Bala (2-8)(170/-),Cosmetics,City Gold Bangal,,170,12,
City Gold Bala (2-4),Cosmetics,City Gold Bangal,,150,5,
City Gold Bala(2-6),Cosmetics,City Gold Bangal,,150,3,
City Gold Bala (2-8)(150/-),Cosmetics,City Gold Bangal,,150,4,
Necklace Set(156/-),Cosmetics,Big Necklace Set,,156,2,
Necklace Set(180/-),Cosmetics,Big Necklace Set,,180,1,
Necklace Set(250/-),Cosmetics,Big Necklace Set,,250,3,
Necklace Set(300/-),Cosmetics,Big Necklace Set,,300,2,
Necklace Set(440/-),Cosmetics,Big Necklace Set,,440,1,
Moti Mala(250/-),Cosmetics,Moti Mala Necklace Set,,250,2,
Moti Mala(100/-),Cosmetics,Moti Mala Necklace Set,,100,5,
Moti Mala(150/-),Cosmetics,Moti Mala Necklace Set,,150,14,
Stone Necklace(120/-),Cosmetics,Stone Necklace Set,,120,1,
Stone Necklace(180/-),Cosmetics,Stone Necklace Set,,180,2,
Stone Necklace(200/-),Cosmetics,Stone Necklace Set,,200,2,
Stone Necklace(220/-),Cosmetics,Stone Necklace Set,,220,1,
Stone Necklace(240/-),Cosmetics,Stone Necklace Set,,240,2,
Oxidized Jewellery(100/-),Cosmetics,Stone Necklace Set,,100,8,
City Gold Necklace(170/-),Cosmetics,City Gold Necklace,,170,1,
City Gold Necklace(190/-),Cosmetics,City Gold Necklace,,190,1,
City Gold Necklace(310/-),Cosmetics,City Gold Necklace,,310,1,
City Gold Necklace(220/-),Cosmetics,City Gold Necklace,,220,1,
Mangal Sutra Stone(200/-),Cosmetics,Mangal Sutra,,200,6,
Mangal Sutra Stone(300/-),Cosmetics,Mangal Sutra,,300,10,
Mangal Sutra(50/-),Cosmetics,Mangal Sutra,,50,56,
Mangal Sutra(180/-),Cosmetics,Mangal Sutra,,180,1,
Mangal Sutra(200/-),Cosmetics,Mangal Sutra,,200,5,
Mangal Sutra(220/-),Cosmetics,Mangal Sutra,,220,13,
Mangal Sutra(240/-),Cosmetics,Mangal Sutra,,240,1,
Mangal Sutra(260/-),Cosmetics,Mangal Sutra,,260,1,
Mangal Sutra(300/-),Cosmetics,Mangal Sutra,,300,8,
Pendent(90/-),Cosmetics,Pendent,,90,35,
Pendent(120/-),Cosmetics,Pendent,,120,1,
Pendent(200/-),Cosmetics,Pendent,,200,4,
Pendent Set,Cosmetics,Pendent,,250,11,
City Gold Pendent+Chain,Cosmetics,Pendent,,150,10,
City Gold Chain,Cosmetics,Pendent,,150,7,
Fancy Chain,Cosmetics,Pendent,,120,4,
Nathiya(80/-),Cosmetics,Nathiya,,80,9,
Nathiya(100/-),Cosmetics,Nathiya,,100,10,
City Gold Mangtika,Cosmetics,Mangtika,,80,7,
Finger Ring(30/-),Cosmetics,Finger Ring,,30,22,
Finger Ring(100/-),Cosmetics,Finger Ring,,100,21,
Finger Ring(120/-),Cosmetics,Finger Ring,,120,22,
Finger Ring(150/-),Cosmetics,Finger Ring,,150,22,
Finger Ring(200/-),Cosmetics,Finger Ring,,200,95,
Sheetal Lipstick,Cosmetics,Lipstick,,100,12,
Gs7  Lipstick,Cosmetics,Lipstick,,100,12,
Gs7 Matte Fashion Lipsticks,Cosmetics,Lipstick,,100,11,
Gs7 Matte Lipsticks,Cosmetics,Lipstick,,100,11,
Huxia Beauty Lipsticks,Cosmetics,Lipstick,,100,23,
Gs7 The Love Lip Set,Cosmetics,Lipstick,,100,8,
Gs7 Shine Lipsticks,Cosmetics,Lipstick,,100,20,
Gs7 Lipgloss 24K Gold,Cosmetics,Lipstick,,120,9,
Supple Lipstick (Bella Keen),Cosmetics,Lipstick,,160,23,
Blue Heaven Fruit Balm,Cosmetics,Lipbalm,,30,8,
Gs7 Pink+Orange Lip Balm,Cosmetics,Lipbalm,,20,175,
Joy Lip Guard,Cosmetics,Lipbalm,,40,16,
Huxia Beauty Lipgloss,Cosmetics,Lip Gloss,,100,42,
Grace Heaven Lip Liner,Cosmetics,Lip Liner,,100,11,
Gs7 Bold Matte Lip Liner,Cosmetics,Lip Liner,,100,11,
Ads Pencil,Cosmetics,Lip Liner,,30,11,
Beilei Pencil,Cosmetics,Lip Liner,,30,9,
Ads Cosmetics Pencil,Cosmetics,Lip Liner,,20,12,
Joy Ubtan,Cosmetics,Facewash,,10,11,
Joy Skin Fruit,Cosmetics,Facewash,,15,2,
Ponds+Glow&Lovely+Himalyan,Cosmetics,Facewash,,20,7,
Joy Papaya+Lemon+Apple,Cosmetics,Facewash,,90,3,
Lakme Vit C Serum,Cosmetics,Facewash,,130,2,
Himalayan Neem,Cosmetics,Facewash,,299,1,
Lakme Vit C Brilliance+Perfect Radiance,Cosmetics,Facewash,,490,3,
Clean&Clere,Cosmetics,Facewash,,539,2,
Colour Nail Eyeliner,Cosmetics,Eyeliner,,50,12,
Gs7 Eye&Lip,Cosmetics,Eyeliner,,50,11,
Blue Fashion Bright Liquid Foundation,Cosmetics,Foundation,,45,11,
Mac Studio Hyper Real Spf 15 Foundation,Cosmetics,Foundation,,249,2,
Lakme Forever Matte Foundation,Cosmetics,Foundation,,250,2,
Mayblelline Foundation For Normal To Oily Skin,Cosmetics,Foundation,,329,3,
Swiss Beauty High Performance Foundation,Cosmetics,Foundation,,429,2,
Gs7 Precision Thickning Long Mascara,Cosmetics,Mascara,,130,12,
Gs7 Mascara Vol 24H Curl,Cosmetics,Mascara,,120,24,
Blue Heaven Bold Mascara,Cosmetics,Mascara,,60,9,
Gs7 Face &Body Heighlighter Liquid,Cosmetics,Highlighter,,240,6,
Colour Girl Liquid Highlighter,Cosmetics,Highlighter,,250,3,
Personi Highlighter Set,Cosmetics,Highlighter,,180,12,
Gs7 Blusher Fashion & Perfect,Cosmetics,Blush,,250,12,
Sevencool Fashion Makeup Baked Powder,Cosmetics,Blush,,240,11,
Gs7 Stickconceler,Cosmetics,Concealer,,150,11,
Gs7 Highlighter And Contour Conceler 2 In 1,Cosmetics,Concealer,,200,12,
Gs7 6 Colour Makeup Concealer,Cosmetics,Concealer,,290,11,
Gs7 Matteonceler,Cosmetics,Concealer,,600,23,
Gs7 Matte Poreless Honey Peach Primer,Cosmetics,Primer,,120,24,
Primer Makeup Embellish Skin Tone,Cosmetics,Primer,,120,12,
Gs7 Fit Skin 36H,Cosmetics,Primer,,100,22,
Lakme Forever Matte Compact,Cosmetics,Facepowder,,200,5,
Look Me  2 In 1 Powder,Cosmetics,Facepowder,,170,6,
Ponds Sandal,Cosmetics,Facepowder,,10,4,
Ponds Lavvender Bloom,Cosmetics,Facepowder,,10,7,
Ponds Pink Lily,Cosmetics,Facepowder,,10,4,
Natural'S Brightening Diamond ++,Cosmetics,Facial Kit,,310,1,
Lotus Herbal Radiant Gold,Cosmetics,Facial Kit,,385,1,
Natures Glowing Gold++,Cosmetics,Facial Kit,,310,1,
Gs7 Eye Shadow Palate (Small),Cosmetics,Eye Shadow,,300,5,
Gs7 Eye Shadow Palate (Big),Cosmetics,Eye Shadow,,400,6,
Gs7 Make Up (Small),Cosmetics,Makeup Kit,,250,2,
Gs7 Makeup Kit (Big),Cosmetics,Makeup Kit,,600,3,
Eva,Cosmetics,Perfume,,70,2,
Riya+Mix Perfume,Cosmetics,Perfume,,85,18,
40Gg(Small),Cosmetics,Perfume,,85,13,
Aco,Cosmetics,Perfume,,84,1,
Cobra,Cosmetics,Perfume,,125,1,
Mix Perfume,Cosmetics,Perfume,,199,5,
Fogg(Big),Cosmetics,Perfume,,225,4,
Vip,Cosmetics,Perfume,,249,1,
Aco Goldy,Cosmetics,Perfume,,196,1,
Bellavita White Oud,Cosmetics,Perfume,,175,1,
Nazam Perfume,Cosmetics,Perfume,,269,10,
Garnier Vit C Serum Cream,Cosmetics,Moisturising Cream/Gel,,119,3,
Garnier Night Vitamin C Serum Cream,Cosmetics,Moisturising Cream/Gel,,140,1,
Nature'S Aloe Beauty Gel,Cosmetics,Moisturising Cream/Gel,,65,3,
Lotus Gel Cream,Cosmetics,Moisturising Cream/Gel,,99,2,
Lotus Night Cream,Cosmetics,Moisturising Cream/Gel,,99,2,
Glow & Handsome Instart Brightness,Cosmetics,Men Cream,,90,2,
Fair & Handsome Brightness Cream,Cosmetics,Men Cream,,95,2,
Dabur Anmol,Cosmetics,Hair Oil,,10,5,
Paracute Gold,Cosmetics,Hair Oil,,20,1,
Chameli+Jasmine+Amla,Cosmetics,Hair Oil,,70,36,
Baby Bracelet(30/-),Cosmetics,Child Bracelet,,30,10,
Baby Bracelet(40/-),Cosmetics,Child Bracelet,,40,11,
Baby Bracelet(70/-),Cosmetics,Child Bracelet,,70,12,
Stone Baby Bracelet,Cosmetics,Child Bracelet,,80,12,
Heart Baby Bracelet,Cosmetics,Child Bracelet,,80,12,
Girls Tulip Bracelet,Cosmetics,Child Bracelet,,220,6,
Rose Hair Clip (Red),Cosmetics,Rose & Flower Hair Clip,,20,9,
Rose Hair (Merun) Clip,Cosmetics,Rose & Flower Hair Clip,,30,9,
Glow&Lovely,Cosmetics,Face Cream (Women),,10,9,
Pond'S Cream,Cosmetics,Face Cream (Women),,10,7,
Nivea Cream,Cosmetics,Face Cream (Women),,10,9,
Bb+ Cream,Cosmetics,Face Cream (Women),,35,22,
Ganesh Mini,Cosmetics,Sindoor,,5,24,
Liquid(10/-),Cosmetics,Sindoor,,10,11,
Liquid Huda Beauty,Cosmetics,Sindoor,,20,10,
Liquid(40/-),Cosmetics,Sindoor,,40,21,
Sindoor Powder,Cosmetics,Sindoor,,10,23,
Safety Pin (Small),Cosmetics,Safety Pin,,5,93,
Safety Pin (Big,Cosmetics,Safety Pin,,10,25,
Napethalin (Small),Cosmetics,Napethalin Balls,,5,13,
Napethalin (Big),Cosmetics,Napethalin Balls,,10,6,
Mirror (Small),Cosmetics,Mirror,,10,12,
Mirror (Big),Cosmetics,Mirror,,20,9,
Comb (Small),Cosmetics,Combs,,10,11,
Comb (Big),Cosmetics,Combs,,20,7,
Round Men Combs,Cosmetics,Combs,,15,12,
Jui Comb (Small),Cosmetics,Combs,,5,5,
Jui Comb (Big),Cosmetics,Combs,,10,3,
Handle Comb,Cosmetics,Combs,,20,12,
Round Handle Comb,Cosmetics,Combs,,150,2,
Black Chimta,Cosmetics,Cloth Chimta,,20,6,
Colourful Chimta(20/-),Cosmetics,Cloth Chimta,,20,6,
Colourful Chimta(30/-),Cosmetics,Cloth Chimta,,30,6,
Black & White Mix,Cosmetics,Baby Hair Rubber,,20,200,
"Black ,White & Red Mix",Cosmetics,Baby Hair Rubber,,30,240,
"Cream, Yellow & Brown Colour Mix",Cosmetics,Baby Hair Rubber,,20,240,
(Plastic) Black Rubber,Cosmetics,Baby Hair Rubber,,5,9,
(Plastic) Multi Colour Rubber,Cosmetics,Baby Hair Rubber,,5,24,
Black Gadder (Small),Cosmetics,Girl Hair Rubber,,5,311,
Multi Colour Gadder (Small),Cosmetics,Girl Hair Rubber,,5,330,
Black Gadder (Big),Cosmetics,Girl Hair Rubber,,10,11,
Multi Colour Gadder (Big),Cosmetics,Girl Hair Rubber,,10,19,
Flower Multi Colour Gadder,Cosmetics,Girl Hair Rubber,,15,14,
Crunchy,Cosmetics,Girl Hair Rubber,,30,21,
Baby Payal,Cosmetics,Payal (Baby & Adult),,40,10,
Sima Payal(100/-),Cosmetics,Payal (Baby & Adult),,100,2,
Sima Payal(120/-),Cosmetics,Payal (Baby & Adult),,120,3,
Sima Payal(150/-),Cosmetics,Payal (Baby & Adult),,150,11,
Sima Payal(200/-),Cosmetics,Payal (Baby & Adult),,200,2,
Sima Payal(240/-),Cosmetics,Payal (Baby & Adult),,240,4,
Ladlee,Cosmetics,Mehendi/Mehendi Sticker,,10,60,
Kaveri,Cosmetics,Mehendi/Mehendi Sticker,,10,48,
Singh,Cosmetics,Mehendi/Mehendi Sticker,,20,24,
Neha,Cosmetics,Mehendi/Mehendi Sticker,,20,36,
Mehendi Patta (Adult),Cosmetics,Mehendi/Mehendi Sticker,,30,10,
Mehendi Patta (Baby),Cosmetics,Mehendi/Mehendi Sticker,,30,6,
Fiama,Cosmetics,Body Wash,,60,2,
Vivel,Cosmetics,Body Wash,,80,1,
Lux,Cosmetics,Body Wash,,99,2,
Nivea,Cosmetics,Body Wash,,135,2,
Clature(10/-),Cosmetics,Clature,,10,150,
Clature(20/-),Cosmetics,Clature,,20,33,
Clature(30/-),Cosmetics,Clature,,30,29,
Clature(40/-),Cosmetics,Clature,,40,24,
Back Clip Stone Clature,Cosmetics,Clature,,20,6,
Back Clip Black Clature,Cosmetics,Clature,,20,5,
Back Clip Multi Colour Clature,Cosmetics,Clature,,40,3,
Clature(5/-),Cosmetics,Clature,,5,90,
Stone Clature(40/-),Cosmetics,Clature,,40,12,
Stone Clature(50/-),Cosmetics,Clature,,50,12,
Stone Clature(80/-),Cosmetics,Clature,,80,24,
Stone Clature(140/-),Cosmetics,Clature,,140,12,
Tip Top Hair Clip (Small),Cosmetics,Clip,,10,19,
Tip Top Hair Clip (Big),Cosmetics,Clip,,20,21,
Plain Jp Clip,Cosmetics,Clip,,20,68,
Design Jp Clip,Cosmetics,Clip,,30,36,
Jura Pin (Small),Cosmetics,Clip,,10,12,
Jura Pin (Big),Cosmetics,Clip,,10,12,
Jura Flower Hair Pin,Cosmetics,Clip,,25,6,
Baby Clip(10/-),Cosmetics,Baby Clip,,10,60,
Baby Clip(20/-),Cosmetics,Baby Clip,,20,13,
Baby Stone Clature,Cosmetics,Baby Clip,,10,6,
Baby Mini Clature,Cosmetics,Baby Clip,,20,37,
Bow(20/-),Cosmetics,Bow,,20,17,
Bow(30/-),Cosmetics,Bow,,30,7,
Bow(40/-),Cosmetics,Bow,,40,10,
Bow(18/-),Cosmetics,Bow,,18,18,
Hair Band(20/-),Cosmetics,Hair Band,,20,141,
Hair Band(40/-),Cosmetics,Hair Band,,40,59,
Hair Band(50/-),Cosmetics,Hair Band,,50,12,
Hair Band(60/-),Cosmetics,Hair Band,,60,24,
Baby Hair Band (Small),Cosmetics,Hair Band,,30,11,
Make Up Brush,Cosmetics,Make Up Brush,,280,3,
Make Up Brush Kit,Cosmetics,Make Up Brush,,250,5,
Daiper (Medium),Cosmetics,Diaper,,12,7,
Diaper (Small),Cosmetics,Diaper,,9,10,
Diaper (Large),Cosmetics,Diaper,,14,10,
Diaper (Nb),Cosmetics,Diaper,,9,10,
Diaper(Xl),Cosmetics,Diaper,,210,2,
Bindi(15/-),Cosmetics,Bindi,,15,82,
Black Bindi,Cosmetics,Bindi,,5,144,
Stone Multicolour Bindi,Cosmetics,Bindi,,30,10,
Plain Lal Bindi,Cosmetics,Bindi,,5,132,
Plain Multi Colour Bindi,Cosmetics,Bindi,,5,144,
Green Stone Bindi,Cosmetics,Bindi,,10,30,
White Stone Bindi,Cosmetics,Bindi,,10,12,
Multi Colour Stone Bindi,Cosmetics,Bindi,,10,11,
Marun Stone Bindi (Small),Cosmetics,Bindi,,10,12,
Red Stone Bindi (Big),Cosmetics,Bindi,,10,12,
Fancy Bindi,Cosmetics,Bindi,,20,72,
White Thread,Cosmetics,Thread,,6,46,
Black Thread,Cosmetics,Thread,,6,47,
Colour Ful Thread ( Light),Cosmetics,Thread,,6,98,
Colour Ful Thread (Dark),Cosmetics,Thread,,6,96,
Stone Wrist Watch Fancy,Cosmetics,Wrist Watch Fancy,,350,5,
Kasmiri Wrist Watch Fancy,Cosmetics,Wrist Watch Fancy,,400,20,
Blue Heaven Kajal Vite,Cosmetics,Kajal,,10,24,
Sonal Kajal,Cosmetics,Kajal,,10,36,
Gs7 Longwear Gel Eyeliner,Cosmetics,Kajal,,180,12,
Blue Heaven Bold Eyeliner,Cosmetics,Kajal,,60,8,
Mac Pop Ultra Kajal,Cosmetics,Kajal,,170,23,
Colour Girl Black & Bold Kajal,Cosmetics,Kajal,,10,2,
Natural Gold (Big),Cosmetics,Bleach,,80,1,
Natural Gold (Small),Cosmetics,Bleach,,55,1,
Fem Gold,Cosmetics,Bleach,,45,2,
Fem Healthy Glow,Cosmetics,Bleach,,37,2,
Nose Ring(5/-),Cosmetics,Nose Ring,,5,22,
Mini Nose Ring,Cosmetics,Nose Ring,,10,24,
Nose Pin(5/-),Cosmetics,Nose Ring,,5,268,
Nose Pin(10/-),Cosmetics,Nose Ring,,10,50,
Streax Instant (Black),Cosmetics,Hair Colour,,15,12,
Streax Instant (Burgundy),Cosmetics,Hair Colour,,15,10,
Godrej Rich (Black),Cosmetics,Hair Colour,,15,10,
Nisha (Burgundy),Cosmetics,Hair Colour,,30,10,
Ganier Black Naturals,Cosmetics,Hair Colour,,45,9,
Nial Polish(10/-),Cosmetics,Nail Polish,,10,76,
Nial Polish(20/-),Cosmetics,Nail Polish,,20,36,
Nial Polish(30/-),Cosmetics,Nail Polish,,30,106,
Nial Polish(40/-),Cosmetics,Nail Polish,,40,40,
Nial Polish(60/-),Cosmetics,Nail Polish,,60,24,
Eye Brow Pencil,Cosmetics,Eye Brow Liquid & Pencil,,30,10,
Clothing Bag(250/-),Cosmetics,Clothing Bag,,250,2,
Clothing Bag(310/-),Cosmetics,Clothing Bag,,310,2,
Clothing Bag(330/-),Cosmetics,Clothing Bag,,330,2,
Hand Purse(110/-),Cosmetics,Purse,,110,3,
Hand Purse(180/-),Cosmetics,Purse,,180,1,
Hand Purse(250/-),Cosmetics,Purse,,250,6,
Hand Purse(270/-),Cosmetics,Purse,,270,1,
Hand Purse(300/-),Cosmetics,Purse,,300,2,
Girl Side Purse(250/-),Cosmetics,Purse,,250,3,
2 In 1 Purse(360/-),Cosmetics,Purse,,360,1,
Vanity Bag(320/-),Cosmetics,Purse,,320,3,
Girl Side Purse (B)(300/-),Cosmetics,Purse,,300,2,
Purse(360/-),Cosmetics,Purse,,360,3,
Purse(420/-),Cosmetics,Purse,,420,2,
Purse(440/-),Cosmetics,Purse,,440,2,
Multicolour Bindi,Cosmetics,Dori,,5,28,
Lace(10/- Mt),Cosmetics,Lace,,10,36,
Plain Lace,Cosmetics,Lace,,10,6,
Lace No 28,Cosmetics,Lace,,40,3,
Lace No 30,Cosmetics,Lace,,50,1,
Lace No 32,Cosmetics,Lace,,50,3,
Lace No 35,Cosmetics,Lace,,60,3,
Needle Size 6/0,Cosmetics,Needle,,5,24,
Needle Size 3,Cosmetics,Needle,,3,17,
Needle Size 4,Cosmetics,Needle,,3,25,
Needle Size 5,Cosmetics,Needle,,3,25,
Needle Size 9,Cosmetics,Needle,,3,25,
Needle Size 16/100,Cosmetics,Needle,,10,5,
Needle Size 100/16,Cosmetics,Needle,,10,5,
Lice Oil,Cosmetics,Lice Oil,,35,12,
Car Key Rings,Cosmetics,Key Rings,,20,9,
Toodle Bear Key Ring,Cosmetics,Key Rings,,20,19,
Bike Key Ring,Cosmetics,Key Rings,,20,12,
Steel Key Ring,Cosmetics,Key Rings,,40,15,
Himalayan Baby Massage Oil,Cosmetics,Baby Products,,270,2,
Himalayan Baby Gift Pack,Cosmetics,Baby Products,,183,2,
Artificial Nails (Small),Cosmetics,Artificial Nails,,150,12,
Artificial Nails (Big),Cosmetics,Artificial Nails,,150,12,
Wipes,Cosmetics,Wipes,,70,10,
Shampoo(1/-),Cosmetics,Shampoo,,1,94,
Shampoo(2/-),Cosmetics,Shampoo,,2,113,
Shampoo+Conditioner(5/-),Cosmetics,Shampoo,,5,30,
Conditioner(2/-),Cosmetics,Shampoo,,2,32,
Conditioner(4/-),Cosmetics,Shampoo,,4,48,
Choco Roundz,Cosmetics,Chocolate,,5,29,
Lolipop,Cosmetics,Chocolate,,5,81,
Trufello,Cosmetics,Chocolate,,2,14,
Nail Manicure Tool,Cosmetics,Chimta,,40,10,
Nail Manicure Tool (Zebra),Cosmetics,Chimta,,10,12,
High Quality Boost Eveready Battery,Cosmetics,Battery,,18,10,
2X Quality Boost Eveready Battery,Cosmetics,Battery,,12,8,
Hyper Hi-Power Battery,Cosmetics,Battery,,14,16,
Sonex Moscow Toothbrush,Cosmetics,Toothbrush/Tongue Cleaner,,35,12,
Ajay Toothbrush,Cosmetics,Toothbrush/Tongue Cleaner,,18,12,
Tongue Cleaner (Rocket),Cosmetics,Toothbrush/Tongue Cleaner,,5,6,
Mirl Tongue Cleaner,Cosmetics,Toothbrush/Tongue Cleaner,,5,12,
Tulips Bamboo Stick Cotton Swabs,Cosmetics,Earbuds,,30,11,
Green Fancy Glass Bangles 2-6,Cosmetics,Green Fancy Glass Bangles,,80,2,
Big bus,Toys,,,350,3,
Thar car,Toys,,,320,2,
Big car,Toys,,,300,3,
Mediam  car(250/-),Toys,,,250,3,
Mediam  car(210/-),Toys,,,210,2,
Concept racing car,Toys,,,360,2,
Speed car,Toys,,,280,2,
Urban wrangler,Toys,,,170,4,
City truck,Toys,,,170,4,
Alloy toy cars,Toys,,,50,1,
Hot wheels cars,Toys,,,100,1,
Die-cast car,Toys,,,40,2,
Racing model,Toys,,,30,1,
Turbo lightning car,Toys,,,30,1,
Ready to run racing car,Toys,,,50,1,
Army tank,Toys,,,270,2,
Sports car,Toys,,,450,2,
Big JCB red,Toys,,,360,1,
Big JCB gold,Toys,,,460,1,
High speed train,Toys,,,360,3,
Heavy truck,Toys,,,260,2,
Small bus,Toys,,,310,2,
Drift car,Toys,,,260,2,
Small car,Toys,,,240,1,
Cruz car,Toys,,,270,2,
Rock off road car,Toys,,,60,1,
Small JCB,Toys,,,80,1,
Panther bike,Toys,,,320,3,
Rider bike,Toys,,,160,3,
Train set,Toys,,,180,2,
Projector Flash Light,Toys,,,140,3,
Avengers hulk + spiderman,Toys,,,150,4,
Avengers spider man,Toys,,,220,1,
Mikkey xylophone,Toys,,,180,3,
Rock band,Toys,,,210,3,
Hero fighter,Toys,,,210,1,
Hello kitty telphone,Toys,,,110,2,
Play fruits set,Toys,,,190,2,
Teddy rings small,Toys,,,100,2,
Teddy rings big,Toys,,,200,2,
Archer arrow,Toys,,,130,2,
Chess,Toys,,,320,2,
Ludo,Toys,,,310,2,
Shoot bullet blaster,Toys,,,110,2,
Ball gun,Toys,,,130,2,
AK-47,Toys,,,210,2,
Shooting gun,Toys,,,220,2,
Super shooting kit,Toys,,,190,2,
Babies my first gift,Toys,,,250,4,
Happy meal,Toys,,,260,1,
Gyralemitting musical,Toys,,,190,1,
Beach fun small,Toys,,,190,1,
Beach fun big,Toys,,,310,1,
Hello kitty watch,Toys,,,170,3,
Super pop bubble gun,Toys,,,290,2,
Dancing cactus,Toys,,,300,3,
Fashion sisters,Toys,,,170,2,
Fashion famliy set,Toys,,,210,2,
Fashion brother /sister,Toys,,,190,2,
Fashion tara doll,Toys,,,130,2,
Ball pool,Toys,,,15,49,
Sonu ball,Toys,,,40,6,
Wind Ball,Toys,,,90,6,
Tennis ball,Toys,,,40,6,
Football,Toys,,,200,5,
Cadbury Kitchen Set,Toys,,,230,1,
Kitchen Set(240/-),Toys,,,240,1,
Sports car,Toys,,,85,1,
Jeep car,Toys,,,80,1,
Dumper,Toys,,,120,1,
Racing Jeep,Toys,,,110,1,
Volvo car,Toys,,,120,1,
Motu Patlu car,Toys,,,90,1,
Helicopter,Toys,,,105,1,
Racing Sports car,Toys,,,110,1,
Racing 46 car,Toys,,,100,1,
CSK Bus,Toys,,,160,1,
Fire Security car,Toys,,,80,1,
Water Bot,Toys,,,110,1,
Baby Toy,Toys,,,130,1,
City Dumper,Toys,,,450,1,
Hunting Short gun,Toys,,,140,1,
Didi Ki Sawar,Toys,,,140,1,
Teer Dhanush,Toys,,,180,1,
Ice cream Set,Toys,,,120,1,
Doctor Set,Toys,,,110,1,
Water floting Duck,Toys,,,240,1,
Kitchen Set(320/-),Toys,,,320,3,
Bullet gun,Toys,,,250,2,
Oil Tanker,Toys,,,200,2,
Air Plan,Toys,,,260,1,
Doll(150/-),Toys,,,150,1,
Doll(160/-),Toys,,,160,1,
Limousine,Toys,,,160,4,
Gyro gun,Toys,,,250,1,
Bat Ball Wicket Set,Toys,,,250,1,
Bat Ball Set,Toys,,,90,3,
Hawan Samagri,Puja Samagri,,,50,10,
Sarva-Osaddhi,Puja Samagri,,,5,48,
Maha-Osaddhi 5/-,Puja Samagri,,,5,48,
Pavitra Toilo Samagri,Puja Samagri,,,35,12,
Snan Jal Samagri,Puja Samagri,,,30,12,
Sada Suto,Puja Samagri,,,5,48,
Jabakusum,Puja Samagri,,,30,12,
Bhang,Puja Samagri,,,5,100,
Panchasasya,Puja Samagri,,,3,24,
Astagandha,Puja Samagri,,,15,12,
Dashamritika,Puja Samagri,,,15,24,
Matha-Gosha,Puja Samagri,,,4,48,
Maha-Osaddhi 3/-,Puja Samagri,,,3,48,
Til,Puja Samagri,,,5,25,
Kumkum,Puja Samagri,,,4,48,
Gourachna,Puja Samagri,,,4,48,
Sarvo-Aushadhi,Puja Samagri,,,3,48,
White Chandan Small,Puja Samagri,,,20,12,
Sankha,Puja Samagri,,,20,100,
Darpan,Puja Samagri,,,50,5,
Red Chandan,Puja Samagri,,,20,11,
Janti,Puja Samagri,,,50,6,
Lokhi Panchali,Puja Samagri,,,10,11,
Vrihospotibar Lokhi Panchali,Puja Samagri,,,10,8,
Chamor,Puja Samagri,,,3,50,
Gita,Puja Samagri,,,10,25,
White Chandan Powder Big Box,Puja Samagri,,,50,7,
Gach Kouto Big,Puja Samagri,,,90,3,
Gach Kouto Small,Puja Samagri,,,70,3,
Kapur Small 25 Gm,Puja Samagri,,,60,6,
Kapur Medium 50 Gm,Puja Samagri,,,110,6,
Kapur Big 100 Gm,Puja Samagri,,,200,4,
Aguru 25Ml,Puja Samagri,,,20,22,
Ghee 50 Gm,Puja Samagri,,,20,12,
Ghee 100Gm,Puja Samagri,,,30,12,
Dhuna,Puja Samagri,,,40,16,
Hawan Lakdi Small,Puja Samagri,,,10,11,
Havan Lakdi Large,Puja Samagri,,,20,14,
Sarso Yellow,Puja Samagri,,,5,50,
Dhaan,Puja Samagri,,,5,34,
Kalo Til,Puja Samagri,,,5,53,
Haritaki,Puja Samagri,,,2,50,
Job,Puja Samagri,,,5,26,
Kodi,Puja Samagri,,,2,100,
Jaifal,Puja Samagri,,,5,50,
Ganga Matii,Puja Samagri,,,5,18,
Guggal,Puja Samagri,,,10,13,
Khori Mati,Puja Samagri,,,5,11,
Kush,Puja Samagri,,,10,49,
Tablet Karpoor,Puja Samagri,,,3,100,
Satyanaran Poita Mini Pack,Puja Samagri,,,3,98,
Lal Suta,Puja Samagri,,,5,73,
Lal Suta (Ghumsi),Puja Samagri,,,5,12,
Kalo Ghumsi,Puja Samagri,,,5,12,
Sada Mouli,Puja Samagri,,,10,24,
Satyanarayan Lamba Poita,Puja Samagri,,,3,60,
Aalta+Sindoor+Tikli Pack,Puja Samagri,,,35,1,
Boron Kulo,Puja Samagri,,,100,6,
Agarbatti Stick 5/-,Puja Samagri,,,5,36,
Agarbatti Stick 10/-,Puja Samagri,,,10,59,
Agarbatti Stick 15/-,Puja Samagri,,,15,0,
Agarbatti Stick 20/-,Puja Samagri,,,20,81,
Agarbatti Stick 55/-,Puja Samagri,,,55,8,
Agarbatti Dhoop Without Stick 60/-,Puja Samagri,,,60,6,
White Suto,Puja Samagri,,,3,42,
Small Mouli,Puja Samagri,,,10,24,
Big Mouli,Puja Samagri,,,20,24,
Mor Pankh,Puja Samagri,,,15,47,
Goldy Cup Size  Dhoop,Puja Samagri,,,70,1,
Mini Kapoor,Puja Samagri,,,15,30,
Madhu,Puja Samagri,,,15,12,
Madhu (Edible),Puja Samagri,,,22,30,
Match Box,Puja Samagri,,,2,10,
Ready-Mate Moom Rui+Diya (Single),Puja Samagri,,,5,100,
Tulsi Mala,Puja Samagri,,,3,24,
Nakul Dana,Puja Samagri,,,5,24,
Panch-Meva,Puja Samagri,,,40,12,
Kalash-Kumkum,Puja Samagri,,,5,24,
Kaanha Dress Small,Puja Samagri,,,20,12,
Kaanha Dress,Puja Samagri,,,30,11,
Kanha Dress Medium,Puja Samagri,,,40,6,
Kanha Dress Big,Puja Samagri,,,100,2,
Small Flute Pair,Puja Samagri,,,50,10,
Big Flute,Puja Samagri,,,20,23,
Krishna Mukut Set (120/-),Puja Samagri,,,120,5,
Krishna Mukut Set (160/-),Puja Samagri,,,160,1,
Big Krishna Ji Jewellery Set,Puja Samagri,,,300,2,
Medium Krishna Ji Jewellery Set,Puja Samagri,,,280,2,
Chandan Lakdi White,Puja Samagri,,,2,51,
Big Dhunachi,Puja Samagri,,,60,4,
Medium Dhunachi,Puja Samagri,,,40,6,
Small Dhunachi,Puja Samagri,,,30,6,
Large Diya,Puja Samagri,,,20,11,
Big Diya,Puja Samagri,,,10,12,
Medium Diya,Puja Samagri,,,6,103,
Small Diya,Puja Samagri,,,4,105,
Mini Diya,Puja Samagri,,,2,102,
Big Kalash,Puja Samagri,,,40,12,
Medium Kalash,Puja Samagri,,,30,12,
Small Kalash,Puja Samagri,,,20,12,
Dhakkan,Puja Samagri,,,8,35,
Lokkhi Chubri,Puja Samagri,,,30,5,
Chand Mala,Puja Samagri,,,70,24,
Mini Chand Mala,Puja Samagri,,,20,16,
Kansa Bati Big,Puja Samagri,,,,1,
Kansa Bati Medium,Puja Samagri,,,,1,
Kansa Bati Small,Puja Samagri,,,,1,
Copper Bati,Puja Samagri,,,120,2,
Pradeep Tall Golden Coloued,Puja Samagri,,,100,1,
Small Pradeep Golden Coloured,Puja Samagri,,,160,1,
Kansa Glass (450/-),Puja Samagri,,,450,1,
Kansa Glass (150/-),Puja Samagri,,,150,1,
Kansa Glass (200/-),Puja Samagri,,,200,1,
Kansa Glass (100/-),Puja Samagri,,,100,1,
Diya 1 (Tall),Puja Samagri,,,100,1,
Diya 2 (Small),Puja Samagri,,,160,1,
Kansa Bati (200/-),Puja Samagri,,,200,1,
Kansa Bati (300/-),Puja Samagri,,,300,1,
Kansa Bati (550/-),Puja Samagri,,,550,1,
Steel Plate 15/-,Puja Samagri,,,15,2,
Steel Plate 20/-,Puja Samagri,,,20,5,
Steel Plate 25/-,Puja Samagri,,,25,6,
Steel Plate 30/-,Puja Samagri,,,30,3,
Steel Plate 70/-,Puja Samagri,,,70,2,
Kansa Small Plate,Puja Samagri,,,60,6,
Kansa Medium Plate,Puja Samagri,,,100,8,
Kansa Small  Plate,Puja Samagri,,,60,8,
Kansa Medium  Plate,Puja Samagri,,,100,8,
Kansa  Thali,Puja Samagri,,,150,2,
Tamba Thali,Puja Samagri,,,150,1,
Tambro Kundo,Puja Samagri,,,120,1,
Gamcha 50/-,Puja Samagri,,,50,4,
Gamcha 60/-,Puja Samagri,,,60,6,
Dhoti 100/-,Puja Samagri,,,100,6,
Dhoti 120/-,Puja Samagri,,,120,4,
Dhoti 200/-,Puja Samagri,,,200,4,
Dhakesh-Wari,Puja Samagri,,,100,1,
Cotton Saree,Puja Samagri,,,400,19,
Puja Saree,Puja Samagri,,,150,6,
Krishna Dress Big Yellow Coloured,Puja Samagri,,,360,2,
Krishna Dress Small Yellow Coloured,Puja Samagri,,,280,2,
Ganga Jal Big,Puja Samagri,,,20,12,
Ganga Jal Medium,Puja Samagri,,,15,12,
Ganga Jal Small,Puja Samagri,,,10,36,
10/- Aalta,Puja Samagri,,,10,5,
20/- Aalta,Puja Samagri,,,20,5,
30/- Aalta,Puja Samagri,,,30,5,
Taal Pata Haath Pakha,Puja Samagri,,,50,26,
Ashirvad Sindoor,Puja Samagri,,,5,50,
Savitri Sindoor,Puja Samagri,,,5,50,
Pancha-Guri,Puja Samagri,,,5,24,
Kambal Asan,Puja Samagri,,,50,21,
Kusha Asan,Puja Samagri,,,70,4,
Kharam,Puja Samagri,,,50,2,
Tir Kathi,Puja Samagri,,,3,50,
Tey Katha,Puja Samagri,,,3,50,
Umbrella,Puja Samagri,,,200,9,
Chalk Box,Stationary,,,15,10,
Tiffin Box,Stationary,,,50,3,
Tiffin Box Tall,Stationary,,,150,2,
Water Bottle 200/- Kuromi,Stationary,,,200,4,
Water Bottle Steel 150/-,Stationary,,,150,3,
Water Bottle Sports 170/-,Stationary,,,170,1,
Water Bottle Boss Baby 250/-,Stationary,,,250,1,
Water Bottle 100/-,Stationary,,,100,1,
Water Bottle 110/-,Stationary,,,110,1,
Water Bottle 80/-,Stationary,,,80,3,
Water Bottle 70/-,Stationary,,,70,1,
Blue Werite Pen 4/-,Stationary,,,4,20,
Black Werite Pen 4/-,Stationary,,,4,40,
Red Werite Pen 4/-,Stationary,,,4,40,
Elkos Blue Pen 5/-,Stationary,,,5,40,
Permanent White Marker,Stationary,,,20,10,
Correction Pen (Whitener),Stationary,,,25,10,
Camlin Permanent Marker Bold Green,Stationary,,,20,10,
Camlin Permanent Marker Bold Red,Stationary,,,20,10,
Camlin Permanent Marker Bold Blue,Stationary,,,20,10,
Camlin Permanent Marker Bold Black,Stationary,,,20,10,
Camlin Whiteboard Marker Bold Green,Stationary,,,20,10,
Camlin Whiteboard Marker Bold Blue,Stationary,,,20,10,
Camlin Whiteboard Marker Bold Red,Stationary,,,20,10,
Camlin Whiteboard Marker Bold Black,Stationary,,,20,10,
Dvd Permanent Marker Red,Stationary,,,10,10,
Dvd Permanent Marker Green,Stationary,,,10,10,
Dvd Permanent Marker Blue,Stationary,,,10,10,
Dvd Permanent Marker Black,Stationary,,,10,10,
Highlighter 5 Colour Set Box,Stationary,,,125,2,
Highlighter Green,Stationary,,,20,1,
Pentonic Pen Blue,Stationary,,,10,13,
Pentonic Pen Black,Stationary,,,10,20,
Pentonic Pen Red,Stationary,,,10,20,
Eraser 2/-,Stationary,,,2,96,
Yellow Envelop Medium,Stationary,,,4,50,
Yellow Envelop Large,Stationary,,,5,50,
Orange Colour Envelop Large,Stationary,,,,50,
Orange Colour Envelop Medium,Stationary,,,,50,
White Envelop Small,Stationary,,,2,240,
White Envelop Medium,Stationary,,,3,240,
White Envelop Large,Stationary,,,4,250,
Sony Lever Arch File Big,Stationary,,,70,2,
Cover File 30/-,Stationary,,,30,18,
Flat File 15/-,Stationary,,,15,12,
Cobra File 30/-,Stationary,,,30,12,
Cobra File 25/-,Stationary,,,25,10,
Colourful Bubble Pencil Bag,Stationary,,,70,6,
Geomatric Rular,Stationary,,,40,3,
Calculator,Stationary,,,250,2,
Pencil-Pen Stand,Stationary,,,80,3,
Mini Tape Dispencer,Stationary,,,70,2,
Large Tape Dispencer,Stationary,,,180,1,
Wide Tape Transparent,Stationary,,,60,7,
Brown Wide Tape,Stationary,,,70,6,
Mid Wide Tranparent Tape,Stationary,,,30,12,
Slim Trasparent Tape,Stationary,,,20,23,
Trasparent Mini Tape 10/-,Stationary,,,10,11,
Trasparent Double Sided Tape,Stationary,,,90,1,
Flower Designing Scale,Stationary,,,20,6,
Large Double Sided Tape,Stationary,,,100,1,
Midium Double Sided Tape,Stationary,,,40,4,
Pencil Pouch Big 130/-,Stationary,,,130,3,
Emoji Pencil Pouch,Stationary,,,60,4,
Square Pencil Pouch,Stationary,,,90,4,
Circle Shaped Pencil Pouch,Stationary,,,50,6,
Unicorn Design Pencil Pouch,Stationary,,,50,6,
Basic Black Pencil Pouch,Stationary,,,70,3,
Glowing Stars+Moon  Pack,Stationary,,,40,9,
White+ Rule Practical Pages,Stationary,,,20,19,
Rule Practical Paper,Stationary,,,20,20,
Index+White Project Paper,Stationary,,,20,20,
Colourful Design Project Papers,Stationary,,,30,20,
Purely Natural Bamboo Skewers Large,Stationary,,,60,2,
Purely Natural Bamboo Skewers Medium,Stationary,,,50,2,
Purely Natural Bamboo Skewers Small,Stationary,,,40,2,
Purely Natural Bamboo Skewers Mini,Stationary,,,30,2,
Thremacol Ball Big,Stationary,,,10,12,
Thremacol Ball Mini,Stationary,,,5,12,
Trasparent Chain Pencil Pouch 20/-,Stationary,,,20,47,
Trasparent Pencil Pouch 10/-,Stationary,,,10,60,
Red Coloured  Pencil Pouch 30/-,Stationary,,,30,12,
Wind Ball,Stationary,,,90,6,
Magnet Set,Stationary,,,100,2,
Football,Stationary,,,200,2,
Scratch Note,Stationary,,,50,3,
Lcd Drwaing Pen Case,Stationary,,,180,2,
Accura Brush Pen 24 Colours,Stationary,,,380,1,
Acrylic Marker,Stationary,,,160,1,
Cartoon Pencil Bag 130/-,Stationary,,,130,12,
Uno,Stationary,,,60,3,
Uno Flip,Stationary,,,60,3,
Motor+Light+Fan+Switch Set,Stationary,,,50,12,
Water Pump+Switch Set,Stationary,,,100,6,
Thin Light,Stationary,,,25,12,
Colourful Pipe,Stationary,,,10,12,
"Wire +,-",Stationary,,,15,12,
Motor+Fan+Switch Set,Stationary,,,30,12,
5 Colourful Flower Set,Stationary,,,10,12,
2 Colour Flower Pouch,Stationary,,,10,12,
Led Light,Stationary,,,20,12,
Button Pouch,Stationary,,,10,12,
Glass Mirror Pouch,Stationary,,,10,36,
Star Stickers,Stationary,,,5,20,
Crystal+Round Colour Stickers,Stationary,,,5,118,
Cartoon Stickers,Stationary,,,15,24,
Paint Brush Sr 65 Large,Stationary,,,240,2,
Paint Brush Sr 65 Small,Stationary,,,85,2,
Paint Brush Sr 64 Large,Stationary,,,190,2,
Paint Brush Sr 64 Small,Stationary,,,55,2,
Sheet Protector 5/-,Stationary,,,5,44,
L Folder,Stationary,,,8,19,
A4 Colour Papers (Craft Papers),Stationary,,,3,100,
Pastel Sheets,Stationary,,,3,20,
Graph Paper,Stationary,,,2,100,
Political Map,Stationary,,,2,100,
World Map,Stationary,,,2,100,
Big Folder 250/-,Stationary,,,250,4,
10/- Button Folder,Stationary,,,10,17,
15/- Button Folder,Stationary,,,15,13,
Stick File,Stationary,,,10,17,
25/- Button File,Stationary,,,25,1,
Project Cover,Stationary,,,15,12,
Plain Nameplate,Stationary,,,5,27,
Price List Sticker A-2,Stationary,,,3,100,
Price List Sticker A-3,Stationary,,,3,60,
Price List Sticker A-4,Stationary,,,3,60,
Drwaing Copy Large,Stationary,,,55,6,
Drwaing Copy Medium,Stationary,,,40,12,
Drwaing Copy Small,Stationary,,,35,12,
Heavy Duty Cutter,Stationary,,,30,5,
Cutter,Stationary,,,15,6,
Pocket Diary 5/-,Stationary,,,5,18,
Pocket Diary 10/-,Stationary,,,10,11,
Pocket Diary Thick Cover 10/-,Stationary,,,10,12,
Pocket Diary Thick Cover 15/-,Stationary,,,15,5,
Pocket Diary Binding 15/-,Stationary,,,15,10,
Pen Refils,Stationary,,,5,29,
Pencil Box(40/-),Stationary,,,40,3,
Pencil Box(50/-),Stationary,,,50,2,
Pencil Box(70/-),Stationary,,,70,5,
Pencil Box(100/-),Stationary,,,100,3,
Pencil Box(120/-),Stationary,,,120,2,
T Pin,Stationary,,,50,5,
Gem-Clip,Stationary,,,40,5,
Transparent Exam Board,Stationary,,,150,1,
Exam Board 100/-,Stationary,,,100,2,
Exam Board 80/-,Stationary,,,80,2,
Exam Board 60/-,Stationary,,,60,2,
Exam Board 50/-,Stationary,,,50,2,
Youva Register,Stationary,,,125,3,
Register 02,Stationary,,,60,2,
Register 06,Stationary,,,150,3,
Register 08,Stationary,,,200,3,
Math Copy Big,Stationary,,,45,7,
Future Notebook No.55,Stationary,,,100,6,
Long Notebook,Stationary,,,55,4,
White Copy Thick,Stationary,,,40,6,
White Copy Thin,Stationary,,,35,6,
White Copy Extra Thin,Stationary,,,25,6,
3 In 1 Copy,Stationary,,,40,6,
Math Copy Mini,Stationary,,,35,6,
English Copy Mini,Stationary,,,40,6,
Pen-Pencil 0.5Mm,Stationary,,,10,10,
Pen-Pencil 0.7Mm,Stationary,,,10,10,
Hi Par Lead 0.5 Mm,Stationary,,,10,10,
Hi Par Lead 0.7 Mm,Stationary,,,10,10,
Rule Copy Thin,Stationary,,,30,3,
Rule Copy Lite Thick,Stationary,,,40,3,
Rough Copy Thin,Stationary,,,25,6,
Rough Copy Mid Thick,Stationary,,,40,6,
Rough Copy Thick,Stationary,,,60,5,
Steel Scale 30 Cm,Stationary,,,40,5,
Steel Scale 15 Cm,Stationary,,,15,11,
Plastic Scale 30 Cm,Stationary,,,15,10,
Platic Scale 15 Cm,Stationary,,,5,7,
Geomatric Box,Stationary,,,90,3,
Steplor Pin No.-10-1M,Stationary,,,10,19,
Steplor Pin No.-24/6-1M,Stationary,,,20,4,
Eraser,Stationary,,,3,34,
Sharpner,Stationary,,,3,39,
Paper Punch Dp-520,Stationary,,,230,1,
Paper Punch Dp-480,Stationary,,,120,1,
Steplor No- 10,Stationary,,,65,10,
Steplor M-10,Stationary,,,60,10,
Steplor Hd - 10D,Stationary,,,110,2,
Ribbon Red,Stationary,,,10,10,
Ribbon Blue,Stationary,,,10,10,
Ribbon Balck,Stationary,,,10,10,
Ribbon Lite Blue,Stationary,,,10,10,
Clip 32 Mm,Stationary,,,7,36,
Clip 25 Mm,Stationary,,,6,36,
Clip 19 Mm,Stationary,,,4,33,
Clip 51 Mm,Stationary,,,12,12,
Stamp Pad,Stationary,,,30,3,
Bill Book,Stationary,,,40,3,
Doms Pencil,Stationary,,,6,18,
Natraj Pencil,Stationary,,,5,18,
Apsara Pencil,Stationary,,,5,30,
4*6 Photo Paper Best Quality,Stationary,,,350,2,
Kodak 4*6 Photo Paper,Stationary,,,250,3,
A4 Colour Envelop,Stationary,,,10,50,
Carbon Paper,Stationary,,,3,99,
Book Cover 70/-,Stationary,,,70,3,
Book Cover 50/-,Stationary,,,50,3,
White Board Duster,Stationary,,,40,5,
Doms  Sketch Max,Stationary,,,35,5,
Doms Wax Crayons,Stationary,,,10,8,
Liner Colour Pen,Stationary,,,,2,
Panda Scale,Stationary,,,15,12,
Camel Acrylic Colours 10 Ml 12 Shades,Stationary,,,180,1,
Washi Tape (Colourful Tape),Stationary,,,10,10,
Skoodle Watercolour Pens (Sketch),Stationary,,,20,4,
Camel Oil Pastels 25 Shades,Stationary,,,95,2,
Camel Oil Pastel 12 Shades,Stationary,,,40,1,
Doms Colour Cake,Stationary,,,60,1,
Doms Colour Pencils,Stationary,,,29,1,
Wrist Tape Scale,Stationary,,,10,6,
Fevi Stick,Stationary,,,15,10,
Fevi Glue,Stationary,,,10,4,
Camel Paste Glue,Stationary,,,25,3,
Avenger Assemble Pencils,Stationary,,,10,47,
Shocking Pen,Stationary,,,100,3,
Mini Blade,Stationary,,,10,12,
Bensia Pencil,Stationary,,,10,9,
Star Stickers (15/-),Stationary,,,15,100,
Heart Stickers,Stationary,,,5,100,
Ice Cream Stick,Stationary,,,35,8,
Glitter Ball,Stationary,,,5,30,
